RT 001 DUSUN RANAH PAYUNG SEKAKI,5
RT 002 DUSUN RANAH PAYUNG SEKAKI,8
RT 003 DUSUN RANAH PAYUNG SEKAKI,5
RT 004 DUSUN PUTRI INUMAN,3
RT 005 DUSUN PUTRI INUMAN,5
RT 006 DUSUN PUTRI INUMAN,7
RT 007 DUSUN PUTRI INUMAN,4
RT 008 DUSUN TANGKIT JAYA,10
RT 009 DUSUN TANGKIT JAYA,7
RT 010 DUSUN TANGKIT JAYA,9
RT 011 DUSUN TANGKIT JAYA,3
PERKEBUNAN KARET,0
PERSAWAHAN,0
PERKEBUNAN SAWIT,0
RT 001 DUSUN KERAMAT TAHAN KILANG,9
RT 002 DUSUN KERAMAT TAHAN KILANG,17
RT 003 DUSUN KERAMAT TAHAN KILANG,11
RT 004 DUSUN KERAMAT TAHAN KILANG,9
RT 005 DUSUN KERAMAT TAHAN KILANG,13
RT 006 DUSUN KEMANG NINO,6
RT 007 DUSUN KEMANG NINO,6
RT 008 DUSUN KEMANG NINO,10
RT 009 DUSUN KEMANG NINO,9
RT 010 DUSUN TANAH ABANG,10
RT 011 DUSUN TANAH ABANG,8
RT 012 DUSUN TANAH ABANG,6
RT 013 DUSUN TANAH ABANG,6
RT 014 DUSUN KAMPUNG ASAM,7
RT 015 DUSUN KAMPUNG ASAM,12
RT 016 DUSUN KAMPUNG ASAM,14
RT 017 DUSUN KAMPUNG ASAM,3
RT 018 DUSUN KAMPUNG BARU,8
RT 019 DUSUN KAMPUNG BARU,6
RT 020 DUSUN KAMPUNG BARU,12
RT 021 DUSUN KAMPUNG BARU,5
PERKEBUNAN RAKYAT,0
RT 001 DUSUN 1 SEI TRUSAN,4
RT 002 DUSUN 1 SEI TRUSAN,16
RT 003 DUSUN 2 SUNGAI PEDAK,6
RT 004 DUSUN 2 SUNGAI PEDAK,3
RT 005 DUSUN 3 SEI REJO,15
RT 006 DUSUN 3 SEI REJO,13
PERKEBUNAN SAWIT,0
PERSAWAHAN,0
RT 001 RW 001,10
RT 002 RW 001,8
RT 003 RW 001,13
RT 004 RW 001,8
RT 005 RW 001,9
RT 006 RW 002,10
RT 007 RW 002,7
RT 008 RW 002,7
RT 009 RW 002,13
RT 010 RW 002,13
RT 011 RW 003,8
RT 012 RW 003,32
RT 013 RW 003,7
RT 014 RW 003,8
RT 015 RW 003,17
RT 016 RW 004,12
RT 017 RW 004,8
RT 018 RW 004,5
RT 019 RW 004,5
RT 020 RW 004,13
PERKEBUNAN SAWIT,0
SAWAH,0
SAWAH,0
SAWAH DAN KEBUN SAWIT,0
KEBUN KARET,0
KEBUN KARET DAN SAWIT,0
KEBUN SAWIT DAN KARET,0
RT 001 DUSUN MAWAR,11
RT 002 DUSUN MAWAR,13
RT 003 DUSUN MAWAR,8
RT 004 DUSUN MUNGPO,12
RT 005 DUSUN MUNGPO,13
RT 006 DUSUN MUNGPO,13
RT 007 DUSUN TANAH GENTING,10
RT 008 DUSUN TANAH GENTING,8
RT 009 DUSUN TANAH GENTING,11
RT 010 DUSUN SEROJA,7
RT 011 DUSUN SEROJA,12
RT 012 DUSUN SEROJA,7
SAWAH,0
RT 001 DUSUN 1 TANAH LEMBAU,19
RT 004 DUSUN 6 KELAPO CUPANG,8
RT 014 DUSUN 6 KELAPO CUPANG,2
RT 002 DUSUN 2 PELUMPUNG ULU,8
RT 005 DUSUN 5 KARANG ANYAR,5
RT 013 DUSUN 5 KARANG ANYAR,7
RT 007 DUSUN 3 RAWA BARU,8
RT 008 DUSUN 3 RAWA BARU,3
RT 009 DUSUN 3 RAWA BARU,4
RT 010 DUSUN 3 RAWA BARU,1
RT 011 DUSUN 3 RAWA BARU,8
RT 003 DUSUN 4 MENCORA,24
RT 006 DUSUN 4 MENCORA,20
RT 012 DUSUN 1 TANAH LEMBAU,18
RT 015 DUSUN 1 TANAH LEMBAU,12
RT 016 DUSUN 4 MENCORA,15
RT 017 DUSUN 4 MENCORA,10
RT 018 DUSUN 4 MENCORA,25
RT 019 DUSUN 5 KARANG ANYAR,5
RT 020 DUSUN 2 PELUMPUNG ULU,3
RT 021 DUSUN 2 PELUMPUNG ULU,8
KEBUN SAWIT,0
SAWIT,0
SAWIT,0
KARET,0
KARET,0
RT 001 DUSUN BATUAH,4
RT 002 DUSUN BATUAH,2
RT 003 DUSUN TELUK,5
RT 004 DUSUN TELUK,3
KEBUN KELAPA SAWIT,0
RT 001 DUSUN TANJUNG SAKTI,6
RT 002 DUSUN TANJUNG SAKTI,2
RT 003 DUSUN TANJUNG SAKTI,9
RT 004 DUSUN TANJUNG SAKTI,8
RT 005 DUSUN CEMPAKA PUTIH,6
RT 006 DUSUN CEMPAKA PUTIH,8
RT 007 DUSUN CEMPAKA PUTIH,12
SAWAH,0
RT 001 DUSUN KASANG JAYA,7
RT 002 DUSUN KASANG JAYA,7
RT 003 DUSUN KASANG JAYA,8
RT 004 DUSUN KASANG JAYA,14
RT 005 DUSUN OLAK KEMANG,7
RT 006 DUSUN OLAK KEMANG,12
RT 007 DUSUN OLAK KEMANG,7
RT 008 DUSUN SIMPANG KAPUK,5
RT 009 DUSUN SIMPANG KAPUK,5
RT 010 DUSUN SIMPANG KAPUK,2
PERKEBUNAN SAWIT,0
PERKEBUNAN SAWIT,0
RT 01 DUSUN TANJUNG BERINGIN,2
RT 02 DUSUN TANJUNG BERINGIN,3
RT 03 DUSUN TANJUNG BERINGIN,4
RT 04 DUSUN SIALANG MADU,11
RT 05 DUSUN SIALANG MADU,12
RT 06 DUSUN SIALANG MADU,2
RT 07 DUSUN TALANG TEMBESU,6
RT 08 DUSUN TALANG TEMBESU,12
RT 09 DUSUN TALANG TEMBESU,9
KEBUN,0
SAWAH,0
RT 001 DUSUN DANGLO BARU,8
RT 002 DUSUN DANGLO BARU,14
RT 003 DUSUN DANGLO BARU,10
RT 004 DUSUN BUNGO TANJUNG,7
RT 005 DUSUN BUNGO TANJUNG,8
RT 006 DUSUN BUNGO TANJUNG,5
RT 007 DUSUN TANJUNG RAJO,7
RT 008 DUSUN TANJUNG RAJO,4
RT 009 DUSUN TANJUNG RAJO,8
RT 010 DUSUN TANJUNG RAJO,5
PERSAWAHAN,0
PERKEBUNAN KARET,0
RT 001 DUSUN ASSALAM,5
RT 002 DUSUN ASSALAM,6
RT 003 DUSUN ASSALAM,6
RT 004 DUSUN ASSALAM,8
RT 005 DUSUN ASSALAM,8
RT 006 DUSUN ASSALAM,9
RT 007 DUSUN ASSALAM,7
RT 008 DUSUN ASSALAM,6
RT 009 DUSUN ASSALAM,4
RT 010 DUSUN KAUMAN,3
RT 011 DUSUN KAUMAN,1
RT 012 DUSUN KAUMAN,4
RT 013 DUSUN KAUMAN,6
RT 014 DUSUN KAUMAN,6
RT 015 DUSUN KAUMAN,6
RT 016 DUSUN KAUMAN,5
RT 017 DUSUN KAUMAN,14
KEBUN SAWIT,0
RT 001 DUSUN SUMBER BAROKAH,12
RT 002 DUSUN SUMBER BAROKAH,2
RT 003 DUSUN SUMBER BAROKAH,2
RT 004 DUSUN SUMBER ALAM,17
RT 005 DUSUN SUMBER ALAM,14
RT 006 DUSUN BANGUN REJO,4
RT 007 DUSUN BANGUN REJO,9
RT 008 DUSUN BANGUN REJO,4
RT 009 DUSUN BANGUN REJO,2
RT 010 DUSUN SUMBER MAKMUR,13
RT 011 DUSUN SUMBER MAKMUR,3
RT 012 DUSUN SUMBER MAKMUR,2
RT 013 DUSUN SUMBER MAKMUR,1
RT 019 DUSUN SUMBER ALAM,3
RT 014 DUSUN SUMBER MAKMUR,9
RT 015 DUSUN SINAR HARAPAN,4
RT 016 DUSUN SINAR HARAPAN,4
RT 017 DUSUN SINAR HARAPAN,2
RT 018 DUSUN SINAR HARAPAN,8
KEBUN,0
KEBUN,0
RT 001 DUSUN SUKA RAMAI,3
RT 002 DUSUN SUKA RAMAI,3
RT 003 DUSUN SUKA RAMAI,2
RT 004 DUSUN SUKA RAMAI,10
RT 010 DUSUN SUKA RAMAI,5
RT 005 DUSUN SUKA MAJU,5
RT 006 DUSUN SUKA MAJU,4
RT 007 DUSUN SUKA MAJU,4
RT 008 DUSUN SUKA MAJU,5
RT 009 DUSUN SUKA MAJU,1
KEBUN,0
KEBUN,0
RT 001 DUSUN SUKA MAJU,6
RT 002 DUSUN SUKA MAJU,8
RT 003 DUSUN SUKA MAJU,6
RT 004 DUSUN SUKA MAJU,13
RT 005 DUSUN SUKA MAJU,6
RT 006 DUSUN SUKA MAJU,3
RT 007 DUSUN SUKA MAJU,3
RT 008 DUSUN SUKA MAJU,3
RT 009 DUSUN BALIDO PERMAI,8
RT 010 DUSUN BALIDO PERMAI,11
RT 011 DUSUN BALIDO PERMAI,15
RT 012 DUSUN BALIDO PERMAI,8
RT 013 DUSUN BALIDO PERMAI,10
RT 014 DUSUN BALIDO PERMAI,6
RT 015 DUSUN BALIDO PERMAI,5
RT 016 DUSUN BALIDO PERMAI,4
RT 017 DUSUN BALIDO PERMAI,2
PERKEBUNAN WKS,2
PERKEBUNAN,0
RT 001 DUSUN SUNGAI GONDANG,5
RT 002 DUSUN SUNGAI GONDANG,8
RT 003 DUSUN RIMBO GAGAH,3
RT 004 DUSUN RIMBO GAGAH,4
RT 016 DUSUN RIMBO GAGAH,4
RT 005 DUSUN MEKAR BARU,7
RT 006 DUSUN MEKAR BARU,13
RT 007 DUSUN MEKAR BARU,10
RT 008 DUSUN MEKAR BARU,9
RT 009 DUSUN MEKAR INDAH,8
RT 010 DUSUN MEKAR INDAH,11
RT 011 DUSUN MEKAR INDAH,14
RT 012 DUSUN MEKAR INDAH,21
RT 017 DUSUN MEKAR INDAH,2
RT 013 DUSUN TALANG KUNING,15
RT 014 DUSUN TALANG KUNING,2
RT 015 DUSUN TALANG KUNING,0
RT 018 DUSUN TALANG KUNING,3
PERKEBUNAN MASYARAKAT,0
PERKEBUNAN MASYARAKAT,0
PERKEBUNAN MASYARAKAT,0
PERKEBUNAN MASYARAKAT,0
PERKEBUNAN MASYARAKAT,0
PERKEBUNAN MASYARAKAT,0
PERKEBUNAN MASYARAKAT,0
PERKEBUNAN MASYARAKAT,0
PERKEBUNAN (PT. ASIAN AGRI),2
KEBUN SAWIT,0
RT 001 DUSUN SEKASIM JAYA,6
RT 002 DUSUN SEKASIM JAYA,5
RT 003 DUSUN SEKASIM JAYA,12
RT 004 DUSUN SEKASIM JAYA,20
RT 005 DUSUN PAYO LEBAR,18
RT 006 DUSUN PAYO LEBAR,5
RT 007 DUSUN PAYO LEBAR,15
RT 008 DUSUN PAYO LEBAR,20
PERKEBUNAN SAWIT,0
RT 01 DUSUN SIMPANG BATU,5
RT 02 DUSUN SIMPANG BATU,7
RT 03 DUSUN SIMPANG BATU,4
RT 04 DUSUN SIMPANG BATU,9
RT 05 DUSUN DANGLO BARU,3
RT 06 DUSUN DANGLO BARU,5
RT 07 DUSUN DANGLO BARU,19
RT 08 DUSUN DANGLO BARU,6
KEBUN,0
KEBUN,0
KEBUN,0
RT 001 DUSUN 1,5
RT 002 DUSUN 2,9
RT 003 DUSUN 3,5
KEBUN SAWIT DAN KARET,0
RT 001 DUSUN 1,8
RT 002 DUSUN 1,5
RT 003 DUSUN 1,97
RT 004 DUSUN 2,9
RT 005 DUSUN 2,13
RT 006 DUSUN 2,3
RT 007 DUSUN 3,16
RT 008 DUSUN 3,9
RT 009 DUSUN 4,7
RT 010 DUSUN 4,6
RT 011 DUSUN 4,11
RT 012 DUSUN 5,9
RT 013 DUSUN 5,8
RT 014 DUSUN 5,8
RT 015 DUSUN 6,9
RT 016 DUSUN 6,8
RT 017 DUSUN 6,10
RT 018 DUSUN 3,0
KEBUN PT. APL,8
PERSAWAHAN,0
RT 001 DUSUN 1,11
RT 002 DUSUN 1,10
RT 003 DUSUN 1,12
RT 004 DUSUN 1,13
RT 005 DUSUN 2,8
RT 006 DUSUN 2,10
RT 007 DUSUN 2,13
RT 008 DUSUN 2,6
RT 009 DUSUN 3,10
RT 010 DUSUN 3,15
RT 011 DUSUN 3,11
RT 012 DUSUN 3,42
SAWAH DAN KEBUN,0
RT 1 DUSUN I,20
RT 2 DUSUN I,10
RT 3 DUSUN I,12
RT 4 DUSUN II,12
RT 5 DUSUN II,13
RT 6 DUSUN II,15
SAWAH KEBUN KARET DAN SAWIT,0
RT 001 DUSUN 001,4
RT 002 DUSUN 001,4
RT 003 DUSUN 002,4
RT 004 DUSUN 002,3
RT 005 DUSUN 002,4
RT 006 DUSUN 003,9
RT 001 DUSUN 004,3
RT 002 DUSUN 004,3
RT 003 DUSUN 004,2
RT 004 DUSUN 005,3
RT 005 DUSUN 005,1
RT 006 DUSUN 005,2
RT 007 DUSUN 005,2
SAWAH,0
KEBUN KARET DAN SAWIT,2
KEBUN KARET DAN SAWIT,0
RT 001 DUSUN I,15
RT 002 DUSUN I,15
RT 003 DUSUN II,13
RT 004 DUSUN II,10
RT 005 DUSUN III,10
RT 006 DUSUN III,18
RT 007 DUSUN IV,13
RT 008 DUSUN IV,12
RT 009 DUSUN V,16
RT 010 DUSUN V,10
PERKEBUNAN KARET DAN SAWIT,0
PERKEBUNAN KARET DAN SAWIT,2
RT 001 DUSUN I,11
RT 002 DUSUN I,13
RT 003 DUSUN I,14
RT 004 DUSUN II,10
RT 005 DUSUN II,6
RT 006 DUSUN II,9
RT 007 DUSUN III,5
RT 008 DUSUN III,8
RT 009 DUSUN III,19
RT 010 DUSUN IV,22
RT 011 DUSUN IV,15
RT 012 DUSUN IV,20
RT 013 DUSUN V,14
RT 014 DUSUN V,14
RT 015 DUSUN V,13
RT 016 DUSUN VI,12
RT 017 DUSUN VI,72
KEBUN KARET DAN SAWIT,0
SAWAH,0
RT 001 DUSUN I,13
RT 002 DUSUN I,11
RT 003 DUSUN I,12
RT 004 DUSUN II,13
RT 005 DUSUN II,12
RT 006 DUSUN II,14
RT 007 DUSUN III,17
RT 008 DUSUN III,16
RT 009 DUSUN III,19
RT 010 DUSUN III,1
PERKEBUNAN SAWIT DAN KARET,0
PERKEBUNAN SAWIT DAN KARET,4
RT 001 DUSUN 1,6
RT 002 DUSUN 1,4
RT 004 DUSUN 2,7
RT 005 DUSUN 2,9
RT 006 DUSUN 2,14
RT 003 DUSUN 3,14
SAWAH,0
SAWAH,0
RT 001 DUSUN I SUNGAI MARAM,5
RT 002 DUSUN I SUNGAI MARAM,10
RT 003 DUSUN II LINGKARAN NAGO,7
RT 004 DUSUN II LINGKARAN NAGO,4
RT 005 DUSUN III TANAH GALIAN,7
RT 006 DUSUN III TANAH GALIAN,4
RT 007 DUSUN IV WONOSARI,9
RT 008 DUSUN V PESANTREN,8
RT 009 DUSUN V PESANTREN,13
RT 010 DUSUN VI SP IV,6
RT 011 DUSUN VI SP IV,2
RT 012 DUSUN VI SP IV,3
KEBUN DAN SAWAH,0
KEBUN KARET,0
KEBUN KARET DAN SAWIT,0
KEBUN KARET DAN SAWIT,0
RT 001 DUSUN 1,6
RT 002 DUSUN 1,11
RT 003 DUSUN 2,8
RT 004 DUSUN 2,10
RT 005 DUSUN 3,16
RT 006 DUSUN 3,22
SAWAH DAN KEBUN,0
SAWAH DAN KEBUN,0
RT 001 DUSUN I SERI MUYANG,7
RT 002 DUSUN I SERI MUYANG,6
RT 003 DUSUN I SERI MUYANG,4
RT 004 DUSUN I SERI MUYANG,5
RT 005 DUSUN II KEMBANG SEKAKI,3
RT 006 DUSUN II KEMBANG SEKAKI,3
RT 007 DUSUN II KEMBANG SEKAKI,2
RT 008 DUSUN II KEMBANG SEKAKI,5
RT 009 DUSUN III SERI KEMBANG,5
RT 010 DUSUN III SERI KEMBANG,5
RT 011 DUSUN III SERI KEMBANG,5
PERKEBUNAN KARET DAN SAWIT,0
RT 001 DUSUN 1,10
RT 002 DUSUN 1,10
RT 003 DUSUN 1,7
RT 004 DUSUN 2,8
RT 005 DUSUN 2,5
RT 006 DUSUN 2,7
RT 007 DUSUN 3,8
RT 008 DUSUN 3,7
RT 009 DUSUN 3,6
RT 010 DUSUN 4,8
RT 011 DUSUN 4,5
RT 012 DUSUN 4,8
SAWAH DAN KEBUN,0
SAWAH DAN KEBUN,0
RT 001 RW 01,51
RT 002 RW 01,76
RT 016 RW 01,79
RT 018 RW 01,53
RT 003 RW 02,63
RT 019 RW 02,63
RT 004 RW 02,61
RT 005 RW 02,45
RT 005 RW 02,176
RT 006 RW 03,25
RT 007 RW 03,39
RT 017 RW 03,13
RT 020 RW 03,58
RT 008 RW 04,25
RT 009 RW 04,12
RT 010 RW 05,13
RT 011 RW 05,10
RT 012 RW 05,13
RT 013 RW 06,20
RT 014 RW 06,23
RT 015 RW 06,4
PERKEBUNAN SAWIT DAN KARET,0
PERKEBUNAN SAWIT DAN KARET,0
PERKEBUNAN SAWIT DAN KARET,0
RT 001 DUSUN 1,8
RT 002 DUSUN 1,3
RT 003 DUSUN 1,5
RT 004 DUSUN 1,9
RT 005 DUSUN 2,3
RT 006 DUSUN 2,2
RT 007 DUSUN 2,3
RT 008 DUSUN 2,3
KEBUN KARET DAN SAWIT,0
RT 001 DUSUN I,4
RT 002 DUSUN I,2
RT 003 DUSUN I,1
RT 004 DUSUN I,4
RT 005 DUSUN II,1
RT 006 DUSUN II,1
RT 007 DUSUN II,0
RT 008 DUSUN II,1
KEBUN SAWIT,0
RT 001 DUSUN I TANGKIT JAYA,26
RT 002 DUSUN I TANGKIT JAYA,9
RT 003 DUSUN I TANGKIT JAYA,23
RT 004 DUSUN II MALOPARI,12
RT 005 DUSUN II MALOPARI,10
RT 006 DUSUN II MALOPARI,16
RT 007 DUSUN III TANAH LONGSOR,16
RT 008 DUSUN III TANAH LONGSOR,14
RT 009 DUSUN III TANAH LONGSOR,10
SAWAH DAN KEBUN,0
KEBUN SAWIT DAN KARET,15
RT 001 DUSUN 001,14
RT 002 DUSUN 001,15
RT 003 DUSUN 001,16
RT 004 DUSUN 001,18
RT 004 DUSUN 001,31
RT 013 DUSUN 001,0
RT 005 DUSUN 002,14
RT 006 DUSUN 002,7
RT 007 DUSUN 002,15
RT 008 DUSUN 002,9
RT 009 DUSUN 003,8
RT 010 DUSUN 003,4
RT 011 DUSUN 003,7
RT 012 DUSUN 003,0
KEBUN KARET,0
KEBUN KARET,0
KEBUN KARET,0
KEBUN KARET,0
RT 001 DUSUN 001,3
RT 002 DUSUN 001,4
RT 003 DUSUN 002,4
RT 005 DUSUN 002,6
RT 004 DUSUN 003,3
RT 006 DUSUN 003,3
RT 007 DUSUN 003,1
KEBUN SAWIT DAN SAWAH,0
KEBUN KARET DAN SAWIT,0
RT 001 RW 01,23
RT 002 RW 01,30
RT 002 RW 01,165
RT 003 RW 01,10
RT 004 RW 01,15
RT 005 RW 02,17
RT 006 RW 02,10
RT 007 RW 02,4
RT 008 RW 03,88
RT 008 RW 03,77
RT 008 RW 03,140
RT 009 RW 03,7
RT 010 RW 03,86
RT 011 RW 03,8
RT 012 RW 04,11
RT 013 RW 04,10
KEBUN PT PAS,0
KEBUN PT KEDOTAN DAN PTPN VI,0
HUTAN,0
RT 001 DUSUN 001,8
RT 002 DUSUN 001,6
RT 003 DUSUN 001,8
RT 004 DUSUN 002,12
RT 005 DUSUN 002,5
RT 006 DUSUN 003,8
RT 007 DUSUN 003,10
HUTAN,0
RT 001 DUSUN II,1
RT 002 DUSUN II,6
RT 003 DUSUN I,3
RT 004 DUSUN III,5
RT 005 DUSUN I,5
RT 006 DUSUN II,6
RT 007 DUSUN I,6
RT 008 DUSUN III,5
RT 009 DUSUN III,4
KEBUN MASYARAKAT,0
RT 1 DUSUN I,7
RT 2 DUSUN I,12
RT 3 DUSUN II,11
RT 4 DUSUN II,2
RT 5 DUSUN III,6
RT 6 DUSUN III,4
RT 01 RW 01,43
RT 02 RW 01,30
RT 06 RW 01,6
RT 03 RW 02,22
RT 05 RW 02,16
RT 08 RW 02,18
RT 04 RW 03,29
RT 07 RW 03,22
RT 09 RW 03,155
PERKEBUNAN PT. KEDATON,0
KEBUN MASYARAKAT,0
KEBUN MASYARAKAT,0
RT 1 DUSUN 1,5
RT 2 DUSUN 1,7
RT 3 DUSUN 1,4
RT 4 DUSUN 2,4
RT 5 DUSUN 2,7
RT 6 DUSUN 2,8
RT 7 DUSUN 3,3
RT 8 DUSUN 3,7
RT 9 DUSUN 3,2
RT 10 DUSUN 4,2
RT 11 DUSUN 4,2
RT 12 DUSUN 4,3
PERKEBUNAN MASYARAKAT,0
PERKEBUNAN MASYARAKAT,0
RT 001 DUSUN ILIR,6
RT 002 DUSUN ILIR,28
RT 003 DUSUN ULU,7
RT 004 DUSUN ULU,22
RT 005 DUSUN DARAT,16
RT 006 DUSUN DARAT,11
RT 007 DUSUN SEBERANG,25
RT 008 DUSUN SEBERANG,7
PERKEBUNAN SAWIT,0
RT 001 DUSUN 001,4
RT 002 DUSUN 001,5
RT 003 DUSUN 001,7
RT 004 DUSUN 001,4
RT 005 DUSUN 002,3
RT 006 DUSUN 002,3
RT 007 DUSUN 002,5
RT 008 DUSUN 002,12
RT 009 DUSUN 003,6
RT 010 DUSUN 003,9
RT 011 DUSUN 003,9
RT 012 DUSUN 003,11
KEBUN KARET DAN SAWIT 1,0
KEBUN KARET DAN SAWIT 2,0
KEBUN KARET DAN SAWIT 3,0
RT 7 DUSUN 1,23
RT 1 DUSUN 1,15
RT 2 DUSUN 1,26
RT 3 DUSUN 2,10
RT 4 DUSUN 2,9
RT 5 DUSUN 3,16
RT 6 DUSUN 3,11
RT 001 DUSUN 1 AUR,10
RT 004 DUSUN 1 AUR,4
RT 006 DUSUN 1 AUR,5
RT 002 DUSUN 2 BUNGIN PANJANG,7
RT 003 DUSUN 2 BUNGIN PANJANG,20
RT 008 DUSUN 2 BUNGIN PANJANG,10
RT 005 DUSUN 3 KAMPUNG BARU,4
RT 007 DUSUN 3 KAMPUNG BARU,33
PERKEBUNAN PT. DHAMAS RAYA,0
PERKEBUNAN SAWIT PT. B3,0
PERKEBUNAN KARET MASYARAKAT,0
PERKEBUNAN KARET (AREA BB),0
RT 1 DUSUN SIDO DADI,8
RT 2 DUSUN SIDO DADI,8
RT 3 DUSUN SIDO DADI,8
RT 4 DUSUN SIDO DADI,10
RT 5 DUSUN SIDO DADI,1
RT 6 DUSUN SIDO DADI,43
RT 7 DUSUN SIDO RUKUN,6
RT 8 DUSUN SIDO RUKUN,5
RT 9 DUSUN SIDO RUKUN,4
RT 11 DUSUN SIDO RUKUN,3
RT 10 DUSUN SIDO RUKUN,5
RT 12 DUSUN SIDO RUKUN,4
RT 13 DUSUN SIDO RUKUN,5
RT 14 DUSUN SIDO MUKTI,8
RT 15 DUSUN SIDO MUKTI,9
RT 16 DUSUN SIDO MUKTI,3
RT 17 DUSUN SIDO MUKTI,5
RT 18 DUSUN SIDO MUKTI,4
RT 19 DUSUN SIDO MULYO,8
RT 20 DUSUN SIDO MULYO,4
RT 23 DUSUN SIDO MULYO,6
RT 21 DUSUN SIDO MULYO,11
RT 22 DUSUN SIDO MULYO,10
RT 24 DUSUN SIDO MULYO,17
RT 25 DUSUN BIRING KUNING,0
RT 26 DUSUN BIRING KUNING,4
RT 27 DUSUN BIRING KUNING,2
KEBUN KARET DAN SAWIT,0
KEBUN SAWIT PTP VI,0
KEBUN SAWIT,0
RT 001 DUSUN PANDAN KUNING,7
RT 002 DUSUN PANDAN KUNING,4
RT 003 DUSUN PANDAN KUNING,3
RT 004 DUSUN PANDAN KUNING,7
RT 005 DUSUN PANDAN KUNING,7
RT 006 DUSUN PANDAN KUNING,29
RT 007 DUSUN PANDAN ARUM,19
RT 008 DUSUN PANDAN ARUM,8
RT 009 DUSUN PANDAN ARUM,5
RT 010 DUSUN PANDAN ARUM,2
RT 011 DUSUN PANDAN ARUM,3
RT 012 DUSUN PANDAN SARI,19
RT 013 DUSUN PANDAN SARI,8
RT 014 DUSUN PANDAN SARI,0
RT 015 DUSUN PANDAN SARI,3
RT 016 DUSUN PANDAN SARI,7
RT 021 DUSUN PANDAN SARI,5
RT 017 DUSUN PANDAN WANGI,3
RT 018 DUSUN PANDAN WANGI,13
RT 019 DUSUN PANDAN WANGI,26
RT 020 DUSUN PANDAN WANGI,82
RT 022 DUSUN BIRING KUNING,16
RT 023 DUSUN BIRING KUNING,2
RT 024 DUSUN BIRING KUNING,6
RT 025 DUSUN BIRING KUNING,1
KEBUN MASYARAKAT,0
KEBUN SAWIT PERUSAHAAN PTPN.6,0
KEBUN SAWIT PERUSAHAAN PTPN.6,0
KEBUN SAWIT PERUSAHAAN PTPN.6,0
KEBUN MASYARAKAT,0
RT 001 DUSUN I SUMBER ARUS,6
RT 002 DUSUN I SUMBER ARUS,3
RT 003 DUSUN I SUMBER ARUS,5
RT 004 DUSUN I SUMBER ARUS,1
RT 005 DUSUN II MAYA SARI,9
RT 006 DUSUN II MAYA SARI,6
RT 007 DUSUN II MAYA SARI,9
RT 008 DUSUN II MAYA SARI,5
RT 009 DUSUN II MAYA SARI,5
RT 010 DUSUN II MAYA SARI,5
RT 011 DUSUN III SUMBER MAKMUR,5
RT 012 DUSUN III SUMBER MAKMUR,1
RT 013 DUSUN III SUMBER MAKMUR,2
RT 014 DUSUN III SUMBER MAKMUR,2
RT 015 DUSUN III SUMBER MAKMUR,3
RT 016 DUSUN IV KARYA MAJU,4
RT 017 DUSUN IV KARYA MAJU,11
RT 018 DUSUN IV KARYA MAJU,15
RT 019 DUSUN IV KARYA MAJU,5
RT 020 DUSUN IV KARYA MAJU,7
KEBUN,8
KEBUN,3
RT 001 DUSUN 001,14
RT 002 DUSUN 001,15
RT 003 DUSUN 002,15
RT 004 DUSUN 002,21
RT 005 DUSUN 003,30
RT 006 DUSUN 003,25
KEBUN KARET DAN SAWIT,0
RT 001 DUSUN 001,48
RT 002 DUSUN 001,10
RT 003 DUSUN 002,10
RT 004 DUSUN 002,26
HUTAN,0
RT 001 DUSUN SIMPANG JEBAK,30
RT 002 DUSUN SIMPANG JEBAK,25
RT 003 DUSUN SIMPANG JEBAK,13
RT 004 DUSUN SIMPANG JEBAK,6
RT 005 DUSUN BUKIT TEMBESU,6
RT 006 DUSUN BUKIT TEMBESU,5
RT 007 DUSUN SENAMI,8
RT 008 DUSUN SENAMI,9
RT 009 DUSUN SENAMI,7
RT 010 DUSUN SENAMI,3
RT 011 DUSUN SENAMI,6
KEBUN KARET,0
RT 001 DUSUN AMPELU TUO ULU,2
RT 002 DUSUN AMPELU TUO ULU,1
RT 003 DUSUN AMPELU TUO ILIR,3
RT 004 DUSUN AMPELU TUO ILIR,5
RT 005 DUSUN AMPELU TUO ILIR,2
RT 006 DUSUN AMPELU TUO ILIR,2
RT 007 DUSUN AMPELU BARU,2
RT 008 DUSUN AMPELU BARU,12
KEBUN KARET,0
KEBUN SAWIT,0
KEBUN KARET,0
TAMBANG BATU BARA,3
RT 001 DUSUN SIDORJO,20
RT 002 DUSUN SIDORJO,15
RT 003 DUSUN SIDORJO,4
RT 004 DUSUN MARWO SARI,10
RT 005 DUSUN MARWO SARI,10
RT 006 DUSUN PEMATANG GAMBIR,12
RT 007 DUSUN PEMATANG GAMBIR,15
RT 008 DUSUN DANAU RAMAN,6
RT 009 DUSUN DANAU RAMAN,7
PERKEBUNAN KARET,0
PERKEBUNAN KARET,0
PERKEBUNAN KARET DAN SAWAH,0
RT 001 RW 001,118
RT 002 RW 001,62
RT 003 RW 001,19
RT 004 RW 001,7
RT 005 RW 001,20
RT 006 RW 001,17
RT 007 RW 001,39
RT 008 RW 001,22
RT 009 RW 001,15
RT 010 RW 001,30
RT 010 RW 001,27
RT 011 RW 001,53
RT 012 RW 001,7
RT 001 RW 002,57
RT 002 RW 002,16
RT 003 RW 002,179
RT 003 RW 002,108
RT 003 RW 002,27
RT 004 RW 002,46
RT 005 RW 002,77
RT 006 RW 002,110
RT 007 RW 002,57
RT 008 RW 002,21
RT 009 RW 002,5
RT 010 RW 002,9
RT 011 RW 002,10
RT 012 RW 002,71
RT 012 RW 002,46
RT 013 RW 002,34
RT 001 DUSUN TAMAN SARI,18
RT 002 DUSUN TAMAN SARI,5
RT 003 DUSUN RAWA SARI,17
RT 004 DUSUN RAWA SARI,6
RT 005 DUSUN SUMBER SARI,9
RT 006 DUSUN SUMBER SARI,7
RT 007 DUSUN SEKAR SARI,18
RT 008 DUSUN SEKAR SARI,7
RT 009 DUSUN MEKAR SARI,12
RT 010 DUSUN MEKAR SARI,11
KEBUN,0
RT 1 RW 1,33
RT 002 RW 001,33
RT 3 RW 1,16
RT 4 RW 1,8
RT 5 RW 1,12
PERKEBUNAN,0
PERKEBUNAN,0
RT 001 DUSUN PEDAK JAYO,13
RT 002 DUSUN PEDAK JAYO,10
RT 003 DUSUN PEDAK INDAH,19
RT 004 DUSUN PEDAK INDAH,10
RT 005 DUSUN HULU,13
RT 006 DUSUN HULU,6
RT 007 DUSUN HULU,7
RT 008 DUSUN TENGAH,7
RT 009 DUSUN TENGAH,5
RT 010 DUSUN TENGAH,6
RT 011 DUSUN HILIR,13
RT 012 DUSUN HILIR,8
RT 013 DUSUN HILIR,18
RT 014 DUSUN TANJUNG PASIR,16
RT 015 DUSUN TANJUNG PASIR,8
KEBUN,0
HUTAN,0
RT 001 DUSUN BULURAN,5
RT 002 DUSUN BULURAN,8
RT 003 DUSUN HILIR,2
RT 004 DUSUN HILIR,7
RT 005 DUSUN TENGAH,5
RT 006 DUSUN TENGAH,5
RT 007 DUSUN TENGAH,2
RT 008 DUSUN HULU,4
RT 009 DUSUN HULU,4
RT 010 DUSUN AUR CINO,5
RT 011 DUSUN AUR CINO,2
RT 012 DUSUN AUR GADING,1
RT 013 DUSUN AUR GADING,2
KEBUN,3
RT 001 DUSUN 01,13
RT 002 DUSUN 01,13
RT 003 DUSUN 01,11
RT 005 DUSUN 01,23
RT 004 DUSUN 02,6
RT 009 DUSUN 02,4
RT 006 DUSUN 03,5
RT 007 DUSUN 03,8
RT 008 DUSUN 04,12
PERKEBUNAN,0
PERKEBUNAN,0
PERKEBUNAN,0
RT 001 DUSUN I,4
RT 002 DUSUN I,10
RT 003 DUSUN II,7
RT 004 DUSUN II,6
RT 005 DUSUN III,5
RT 006 DUSUN III,2
RT 007 DUSUN IV,11
RT 008 DUSUN IV,7
RT 009 DUSUN V,6
RT 010 DUSUN V,4
KEBUN KARET DAN PERSAWAHAN,0
RT 001 DUSUN KEMBANG TANJUNG,3
RT 002 DUSUN KEMBANG TANJUNG,5
RT 003 DUSUN BERINGIN JAYA,4
RT 004 DUSUN BERINGIN JAYA,8
RT 005 DUSUN PINANG BELARIK,5
RT 006 DUSUN PINANG BELARIK,3
PERKEBUNAN KARET,0
PERKEBUNAN SAWIT,4
RT 001 DUSUN SUKO JADI,5
RT 005 DUSUN SUKO JADI,6
RT 002 DUSUN SUNGAI MENGKUANG,10
RT 004 DUSUN SUNGAI MENGKUANG,20
RT 003 DUSUN MARWO ULU,0
RT 006 DUSUN MARWO ULU,1
KEBUN SAWIT,0
PT GNL,1
RT 001 DUSUN MALAKO KECIL,16
RT 002 DUSUN MALAKO KECIL,17
RT 003 DUSUN BUKIT BERBUNGA,17
RT 004 DUSUN BUKIT BERBUNGA,21
RT 005 DUSUN BUKIT PAKU,9
RT 006 DUSUN BUKIT PAKU,13
RT 007 DUSUN BETUNG BEKILAU,9
RT 008 DUSUN BETUNG BEKILAU,15
KEBUN,0
KEBUN,0
RT 001 DUSUN TAMBAK SARI,7
RT 002 DUSUN TAMBAK SARI,4
RT 003 DUSUN TAMBAK SARI,10
RT 004 DUSUN MAYANG SARI,5
RT 005 DUSUN MAYANG SARI,5
RT 006 DUSUN MAYANG SARI,5
RT 007 DUSUN MAYANG SARI,3
RT 008 DUSUN RAWA SARI,4
RT 009 DUSUN RAWA SARI,9
RT 010 DUSUN RAWA SARI,8
KEBUN,0
RT 01 DUSUN LAMBAN PETALING,6
RT 04 DUSUN TALANG GAMBIR,5
RT 05 DUSUN TALANG GAMBIR,8
RT 06 DUSUN LAMBAN PETALING,1
RT 07 DUSUN LAMBAN PETALING,6
RT 02 DUSUN BUMBUN RESAM,12
RT 03 DUSUN BUMBUN RESAM,7
RT 08 DUSUN BUMBUN RESAM,2
RT 09 DUSUN TALANG GAMBIR,2
KEBUN SAWIT,0
RT 01 DUSUN I SIMPANG BETUNG,24
RT 02 DUSUN I SIMPANG BETUNG,15
RT 07 DUSUN I SIMPANG BETUNG,7
RT 08 DUSUN I SIMPANG BETUNG,0
RT 03 DUSUN II SRI MAJU,14
RT 04 DUSUN II SRI MAJU,13
RT 05 DUSUN II SRI MAJU,20
RT 06 DUSUN II SRI MAJU,8
RT 09 DUSUN II SRI MAJU,0
RT 10 DUSUN II SRI MAJU,25
RT 11 DUSUN II SRI MAJU,10
RT 12 DUSUN I SIMPANG BETUNG,35
RT 13 DUSUN I SIMPANG BETUNG,11
RT 001 DUSUN 1,6
RT 002 DUSUN 1,7
RT 003 DUSUN 1,4
RT 004 DUSUN 2,17
RT 005 DUSUN 2,13
RT 006 DUSUN 2,6
RT 007 DUSUN 2,8
RT 008 DUSUN 3,15
RT 009 DUSUN 3,11
RT 010 DUSUN 3,10
KEBUN,0
RT 001 DUSUN BARU,14
RT 002 DUSUN BARU,6
RT 003 DUSUN BARU,6
RT 016 DUSUN BARU,2
RT 004 DUSUN SEI. BAMBAN,16
RT 005 DUSUN SEI. BAMBAN,2
RT 006 DUSUN SEI. BAMBAN,0
RT 015 DUSUN SEI. BAMBAN,9
RT 007 DUSUN SEI. PULE,17
RT 008 DUSUN SEI. PULE,10
RT 009 DUSUN SEI. PULE,49
RT 014 DUSUN SEI. PULE,9
RT 017 DUSUN SEI. PULE,0
RT 010 DUSUN SEI. DERAS,28
RT 011 DUSUN SEI. DERAS,37
RT 012 DUSUN SEI. DERAS,21
RT 013 DUSUN SEI. DERAS,15
HUTAN,0
PERKEBUNAN,0
RT 001 RW 001,22
RT 002 RW 001,28
RT 004 RW 002,9
RT 005 RW 002,13
RT 006 RW 002,2
RT 021 RW 002,14
RT 034 RW 002,12
RT 037 RW 002,3
RT 003 RW 003,17
RT 007 RW 003,30
RT 008 RW 003,42
RT 009 RW 003,33
RT 031 RW 003,7
RT 010 RW 004,8
RT 011 RW 004,8
RT 012 RW 004,10
RT 013 RW 004,8
RT 014 RW 004,7
RT 015 RW 005,8
RT 016 RW 005,2
RT 017 RW 005,12
RT 018 RW 005,9
RT 019 RW 005,18
RT 020 RW 006,5
RT 022 RW 006,50
RT 023 RW 006,44
RT 024 RW 006,47
RT 033 RW 006,2
RT 025 RW 007,19
RT 026 RW 007,27
RT 027 RW 007,17
RT 028 RW 007,3
RT 032 RW 007,5
RT 035 RW 007,55
RT 035 RW 007,3
RT 029 RW 008,56
RT 030 RW 008,32
RT 036 RW 008,7
RT 001 RW 001,15
RT 002 RW 001,25
RT 003 RW 001,15
RT 024 RW 001,15
RT 004 RW 002,16
RT 005 RW 002,20
RT 006 RW 002,15
RT 007 RW 002,15
RT 025 RW 002,17
RT 008 RW 003,34
RT 009 RW 003,38
RT 010 RW 003,16
RT 011 RW 003,20
RT 019 RW 003,28
RT 012 RW 004,15
RT 013 RW 004,15
RT 014 RW 004,22
RT 015 RW 004,15
RT 016 RW 005,28
RT 017 RW 005,20
RT 018 RW 005,18
RT 020 RW 006,34
RT 021 RW 006,31
RT 022 RW 006,21
RT 023 RW 006,14
TAMAN HUTAN RAYA,0
RT 1 DUSUN 1 ULU,6
RT 6 DUSUN 1 ULU,10
RT 2 DUSUN 2 TENGAH,10
RT 3 DUSUN 2 TENGAH,16
RT 4 DUSUN 3 DARAT,21
RT 7 DUSUN 3 DARAT,41
RT 5 DUSUN 4 ILIR,18
RT 8 DUSUN 4 ILIR,15
RT 001 DUSUN 001 KEBUN KELAPA,33
RT 002 DUSUN 002 SUNGAI PENGAMBIRAN,14
RT 003 DUSUN 002 SUNGAI PENGAMBIRAN,3
RT 004 DUSUN 002 SUNGAI PENGAMBIRAN,25
RT 008 DUSUN 002 SUNGAI PENGAMBIRAN,20
RT 011 DUSUN 002 SUNGAI PENGAMBIRAN,12
RT 012 DUSUN 002 SUNGAI PENGAMBIRAN,8
RT 005 DUSUN 003 SUKA DAMAI,11
RT 006 DUSUN 003 SUKA DAMAI,14
RT 009 DUSUN 003 SUKA DAMAI,3
RT 007 DUSUN 004 SUNGAI RINGIN,10
RT 010 DUSUN 004 SUNGAI RINGIN,10
KEBUN KARET,0
RT 001 DUSUN 001 / PEMATANG LALANG,7
RT 002 DUSUN 001 / PEMATANG LALANG,4
RT 003 DUSUN 002 / SAMSUL BAYAN,14
RT 004 DUSUN 002 / SAMSUL BAYAN,16
RT 005 DUSUN 003 / KAMPUNG MASJID,21
RT 006 DUSUN 003 / KAMPUNG MASJID,14
RT 007 DUSUN 004 / RAJO BATU,23
RT 008 DUSUN 004 / RAJO BATU,25
RT 009 DUSUN 005 / PENDAKIAN,22
RT 010 DUSUN 005 / PENDAKIAN,22
RT 011 DUSUN 006 / PAYO LEBAR,8
RT 012 DUSUN 006 / PAYO LEBAR,4
RT 013 DUSUN 007 / TALANG LADO,4
RT 014 DUSUN 007 / TALANG LADO,7
RT 01 DUSUN 1,4
RT 02 DUSUN 1,4
RT 03 DUSUN 2,5
RT 04 DUSUN 2,8
RT 05 DUSUN 3,3
RT 06 DUSUN 3,7
PERKEBUNAN DAN PERTANIAN,0
RT 001 DUSUN 1,13
RT 007 DUSUN 1,24
RT 002 DUSUN 2,14
RT 011 DUSUN 2,10
RT 003 DUSUN 3,13
RT 008 DUSUN 3,11
RT 004 DUSUN 4,15
RT 012 DUSUN 4,7
RT 005 DUSUN 5,15
RT 009 DUSUN 5,12
RT 006 DUSUN 6,13
RT 010 DUSUN 6,10
PERKEBUNAN,0
PERKEBUNAN,0
RT 1 DUSUN PARIT,14
RT 2 DUSUN PARIT,14
RT 3 DUSUN BUNGO TANJUNG,7
RT 4 DUSUN BUNGO TANJUNG,18
RT 5 DUSUN PASIR PUTIH,13
RT 6 DUSUN PASIR PUTIH,19
PERKEBUNAN 1,0
PERKEBUNAN 2,0
RT 001 RW 001,38
RT 002 RW 001,13
RT 003 RW 001,13
RT 004 RW 001,20
RT 005 RW 001,21
RT 017 RW 001,61
RT 019 RW 001,11
RT 006 RW 002,48
RT 010 RW 002,4
RT 011 RW 002,5
RT 013 RW 002,12
RT 016 RW 002,22
RT 018 RW 002,3
RT 007 RW 003,18
RT 008 RW 003,11
RT 009 RW 003,31
RT 015 RW 003,15
RT 023 RW 003,11
RT 012 RW 004,38
RT 012 RW 004,33
RT 014 RW 004,17
RT 020 RW 004,10
RT 021 RW 004,7
RT 022 RW 004,15
RT 024 RW 004,32
RT 024 RW 004,20
RT 025 RW 004,4
PERKEBUNAN,0
SEMAK BELUKAR,2
PERKEBUNAN,0
PESANTREN,23
RT 001 DUSUN 1,4
RT 002 DUSUN 1,3
RT 003 DUSUN 1,7
RT 004 DUSUN 2,8
RT 005 DUSUN 3,25
RT 006 DUSUN 2,5
RT 007 DUSUN 3,13
KEBUN,0
RT 001 DUSUN HULU,4
RT 002 DUSUN HULU,3
RT 003 DUSUN HULU,7
RT 004 DUSUN TENGAH,8
RT 005 DUSUN TENGAH,25
RT 006 DUSUN TENGAH,5
RT 007 DUSUN HILIR,13
RT 008 DUSUN HILIR,13
RT 009 DUSUN HILIR,18
RT 010 DUSUN SEBRANG,3
RT 011 DUSUN SEBRANG,2
RT 012 DUSUN SEBRANG,4
PERKEBUNAN,0
PERKEBUNAN,0
RT 001 DUSUN HULU,22
RT 002 DUSUN HULU,13
RT 003 DUSUN TENGAH,13
RT 004 DUSUN TENGAH,16
RT 005 DUSUN HILIR,17
RT 006 DUSUN HILIR,78
RT 007 DUSUN ARO SEBRANG,14
RT 008 DUSUN ARO SEBRANG,7
RAWA,0
RT 001 DUSUN 1 DANO LOMBONG,10
RT 002 DUSUN 1 DANO LOMBONG,9
RT 003 DUSUN 2 DANO CEPER,17
RT 004 DUSUN 2 DANO CEPER,15
RT 005 DUSUN 3 SIALANG PUNGGUK,8
RT 006 DUSUN 3 SIALANG PUNGGUK,13
KEBUN,0
SAWAH,2
RT 001 RW 001,125
RT 002 RW 001,17
RT 003 RW 001,18
RT 004 RW 001,43
RT 005 RW 001,22
RT 006 RW 002,44
RT 007 RW 002,68
RT 008 RW 002,46
RT 009 RW 002,73
RT 010 RW 003,19
RT 011 RW 003,59
RT 012 RW 003,21
RT 013 RW 003,42
RT 014 RW 003,43
RT 015 RW 004,19
RT 016 RW 004,13
RT 017 RW 004,3
RT 029 RW 004,3
RT 031 RW 004,6
RT 021 RW 005,22
RT 022 RW 005,8
RT 023 RW 005,15
RT 026 RW 005,17
RT 032 RW 005,15
RT 018 RW 006,4
RT 024 RW 006,13
RT 025 RW 006,18
RT 027 RW 006,4
RT 028 RW 006,2
RT 019 RW 007,31
RT 020 RW 007,15
RT 030 RW 007,9
RT 033 RW 007,20
KEBUN,0
KEBUN,0
KEBUN,0
KEBUN,0
KEBUN,0
RT 001 RW 001,13
RT 003 RW 001,9
RT 004 RW 001,11
RT 011 RW 001,4
RT 012 RW 001,10
RT 005 RW 002,25
RT 006 RW 002,69
RT 006 RW 002,140
RT 006 RW 002,144
RT 006 RW 002,206
RT 010 RW 002,25
RT 013 RW 002,8
RT 014 RW 003,16
RT 002 RW 003,15
RT 007 RW 003,20
RT 008 RW 003,10
RT 009 RW 003,2
RT 015 RW 003,15
RT  016 RW 002,15
KEBUN KARET,0
RT 1 DUSUN I SETAR JAYA,10
RT 2 DUSUN I SETAR JAYA,6
RT 3 DUSUN II RAMBAHAN,7
RT 4 DUSUN II RAMBAHAN,2
RT 5 DUSUN III TANJUNG ASAH,11
RT 6 DUSUN III TANJUNG ASAH,5
RT 7 DUSUN III TANJUNG ASAH,9
RT 8 DUSUN III TANJUNG ASAH,24
KEBUN,0
RT 01 DUSUN 1,5
RT 02 DUSUN 1,2
RT 03 DUSUN 1,2
RT 04 DUSUN 2,8
RT 05 DUSUN 2,5
RT 06 DUSUN 2,8
KEBUN KARET,0
RT 001 DUSUN SUKA MAJU,5
RT 002 DUSUN SUKA MAJU,2
RT 003 DUSUN SUKA MAJU,5
RT 004 DUSUN SUKA DAMAI,9
RT 005 DUSUN SUKA DAMAI,4
RT 006 DUSUN SUKA DAMAI,2
RT 007 DUSUN SUKA DAMAI,8
RT 008 DUSUN SUKA MUJUR,5
RT 009 DUSUN SUKA MUJUR,3
RT 010 DUSUN SUKA MUJUR,4
KEBUN KARET DAN SAWIT,4
RT 001 DUSUN 1 BUNGKU INDAH,15
RT 002 DUSUN 1 BUNGKU INDAH,14
RT 004 DUSUN 1 BUNGKU INDAH,9
RT 005 DUSUN 1 BUNGKU INDAH,17
RT 006 DUSUN 1 BUNGKU INDAH,7
RT 032 DUSUN 1 BUNGKU INDAH,18
RT 007 DUSUN 2 JOHOR BARU,59
RT 008 DUSUN 2 JOHOR BARU,3
RT 009 DUSUN 2 JOHOR BARU,16
RT 010 DUSUN 2 JOHOR BARU,33
RT 033 DUSUN 2 JOHOR BARU,2
RT 011 DUSUN 2 JOHOR BARU,12
RT 012 DUSUN 3 RANTAU RASAU,7
RT 013 DUSUN 3 RANTAU RASAU,19
RT 015 DUSUN 3 RANTAU RASAU,5
RT 016 DUSUN 3 RANTAU RASAU,10
RT 035 DUSUN 3 RANTAU RASAU,10
RT 017 DUSUN 3 RANTAU RASAU,6
RT 018 DUSUN 4 KUNANGAN JAYA 1,11
RT 019 DUSUN 4 KUNANGAN JAYA 1,26
RT 020 DUSUN 4 KUNANGAN JAYA 1,5
RT 021 DUSUN 4 KUNANGAN JAYA 1,4
RT 022 DUSUN 4 KUNANGAN JAYA 1,6
RT 023 DUSUN 4 KUNANGAN JAYA 1,3
RT 037 DUSUN 4 KUNANGAN JAYA 1,4
RT 038 DUSUN 4 KUNANGAN JAYA 1,4
RT 039 DUSUN 4 KUNANGAN JAYA 1,4
RT 040 DUSUN 4 KUNANGAN JAYA 1,2
RT 024 DUSUN 5 KUNANGAN JAYA 2,1
RT 025 DUSUN 5 KUNANGAN JAYA 2,8
RT 027 DUSUN 5 KUNANGAN JAYA 2,5
RT 028 DUSUN 5 KUNANGAN JAYA 2,7
RT 029 DUSUN 5 KUNANGAN JAYA 2,16
RT 030 DUSUN 5 KUNANGAN JAYA 2,4
RT 031 DUSUN 5 KUNANGAN JAYA 2,16
RT 036 DUSUN 5 KUNANGAN JAYA 2,6
RT 041 DUSUN 5 KUNANGAN JAYA 2,4
RT 003 DUSUN 1 BUNGKU INDAH,9
RT 034 DUSUN 6 TANJUNG MANDIRI,10
RT 042 DUSUN 6 TANJUNG MANDIRI,7
RT 044 DUSUN 6 TANJUNG MANDIRI,6
RT 045 DUSUN 6 TANJUNG MANDIRI,7
RT 043 DUSUN 6 TANJUNG MANDIRI,7
RT 046 DUSUN 6 TANJUNG MANDIRI,5
KEBUN KARET DAN SAWIT MASYARAKAT,0
PERKEBUNAN SAWIT,0
PERUMAHAN DURIAN DANGKAL PT BSU,5
PERUMAHAN KELABAI PT BSU,10
PERUMAHAN KARYAWAN SAKO DE KEMANG PT BSU LAMA,12
PERUMAHAN KARYAWAN SAKO DE KEMANG PT BSU LAMA,8
PERUMAHAN EMPANG PAPAN PT BSU,10
PERUMAHAN PADANG SALAK PT BSU,10
PERUMAHAN LAMBAN LEBUAI PT BSU,10
PERUMAHAN KARYAWAN PKS LAMA,15
PERUMAHAN EMPANG BATU PT BSU,7
PERUMAHAN LAMAN PAGAR 1 PT BSU,9
PERUMAHAN LAMAN PAGAR 2 PT BSU,8
PERUMAHAN SEBANGKUR PT BSU,13
RT 001 DUSUN DELAPAN,2
RT 002 DUSUN DELAPAN,3
RT 003 DUSUN DELAPAN,8
RT 004 DUSUN MAKMUR,4
RT 005 DUSUN MAKMUR,4
RT 006 DUSUN MAKMUR,3
RT 007 DUSUN PEMERATAAN,3
RT 008 DUSUN PEMERATAAN,4
RT 009 DUSUN PEMERATAAN,6
RT 010 DUSUN PEMERATAAN,3
RT 011 DUSUN PENDAPATAN,2
RT 012 DUSUN PENDAPATAN,3
RT 013 DUSUN PENDAPATAN,2
RT 014 DUSUN PENDAPATAN,5
PERKEBUNAN KARET,0
PERKEBUNAN SAWIT,0
PERKEBUNAN KARET,0
RT 001 DUSUN SUKA MAJU,5
RT 002 DUSUN SUKA MAJU,4
RT 003 DUSUN TITIAN TUNGGANG,7
RT 004 DUSUN TITIAN TUNGGANG,8
RT 005 DUSUN MANGUN JAYA,5
RT 006 DUSUN MANGUN JAYA,1
RT 007 DUSUN MANGUN JAYA,8
RT 008 DUSUN LAMAN TERAS,6
RT 009 DUSUN LAMAN TERAS,38
RT 010 DUSUN TITIAN TUNGGANG,91
RT 011 DUSUN MANGUN JAYA,0
RT 012 DUSUN TITIAN TUNGGANG,13
RT 013 DUSUN SUKA MAJU,7
RT 014 DUSUN LAMAN TERAS,8
RT 015 DUSUN MANGUN JAYA,5
RT 016 DUSUN TITIAN TUNGGANG,15
RT 017 DUSUN MANGUN JAYA,1
RT 001 DUSUN SIMPANG JAMBI,7
RT 002 DUSUN SIMPANG JAMBI,2
RT 005 DUSUN SIMPANG PERIS,3
RT 006 DUSUN SIMPANG PERIS,3
RT 003 DUSUN GOTONG ROYONG,4
RT 004 DUSUN GOTONG ROYONG,2
RT 014 DUSUN GOTONG ROYONG,1
RT 012 DUSUN GOTONG ROYONG,6
RT 007 DUSUN PERIS BARU,6
RT 009 DUSUN PERIS BARU,5
RT 013 DUSUN PERIS BARU,8
RT 008 DUSUN ABADI JAYA,11
RT 010 DUSUN SUNGAI JERNIH,12
RT 011 DUSUN SUNGAI JERNIH,22
RT 015 DUSUN SIMPANG JAMBI,6
RT 016 DUSUN SIMPANG PERIS,5
RT 017 DUSUN PERIS BARU,11
RT 018 DUSUN ABADI JAYA,6
RT 019 DUSUN ABADI JAYA,20
RT 020 DUSUN SUNGAI JERNIH,18
KEBUN KARET DAN SAWIT,0
KEBUN KARET DAN SAWIT,0
KEBUN KARET DAN SAWIT,0
RT 001 DUSUN PURWOSARI,35
RT 002 DUSUN PURWOSARI,32
RT 003 DUSUN PURWOSARI,50
RT 004 DUSUN PURWOSARI,32
RT 005 DUSUN PURWOSARI,18
RT 006 DUSUN PURWOSARI,54
RT 019 DUSUN PURWOSARI,7
RT 022 DUSUN PURWOSARI,7
RT 025 DUSUN PURWOSARI,27
RT 026 DUSUN PURWOSARI,41
RT 007 DUSUN PURWODADI,15
RT 008 DUSUN PURWODADI,21
RT 009 DUSUN PURWODADI,14
RT 010 DUSUN PURWODADI,11
RT 020 DUSUN PURWODADI,18
RT 023 DUSUN PURWODADI,17
RT 024 DUSUN PURWODADI,10
RT 011 DUSUN WONOREJO,13
RT 012 DUSUN WONOREJO,17
RT 012 DUSUN WONOREJO,125
RT 013 DUSUN WONOREJO,17
RT 014 DUSUN WONOREJO,29
RT 021 DUSUN WONOREJO,13
RT 015 DUSUN SEKARSARI,19
RT 016 DUSUN SEKARSARI,28
RT 017 DUSUN SEKARSARI,20
RT 018 DUSUN SEKARSARI,17
KEBUN KARET DAN SAWIT,0
KEBUN KARET DAN SAWIT,0
KEBUN KARET DAN SAWIT,0
RT 001 RW 01,10
RT 002 RW 01,24
RT 003 RW 01,31
RT 003 RW 01,153
RT 004 RW 02,32
RT 021 RW 02,7
RT 005 RW 02,13
RT 006 RW 02,14
RT 007 RW 03,5
RT 008 RW 03,17
RT 009 RW 03,11
RT 010 RW 04,10
RT 011 RW 04,12
RT 012 RW 04,14
RT 013 RW 04,15
RT 014 RW 05,34
RT 015 RW 05,6
RT 016 RW 05,1
RT 017 RW 05,5
RT 018 RW 06,0
RT 019 RW 06,10
RT 020 RW 06,1
"KEBUN KARET DAN SAWIT (BLOK 18B-20B, 15-16B)",0
KEBUN KARET (BLOK 001B DAN 006B),0
RT 001 DUSUN SEROJA,5
RT 002 DUSUN SEROJA,73
RT 003 DUSUN SEROJA,1
RT 004 DUSUN ANGGREK,3
RT 005 DUSUN ANGGREK,2
RT 006 DUSUN MELATI,15
RT 007 DUSUN MELATI,5
RT 008 DUSUN MELATI,4
RT 017 DUSUN KEBALEN,7
RT 018 DUSUN KEBALEN,8
RT 019 DUSUN KEBALEN,7
RT 020 DUSUN KEBALEN,6
RT 021 DUSUN KEBALEN,8
RT 009 DUSUN MELATI,3
RT 010 DUSUN ANGGREK,4
KEBUN KARET DAN SAWIT,4
RT 001 DUSUN MEKAR SARI,3
RT 002 DUSUN MEKAR SARI,7
RT 005 DUSUN MEKAR SARI,12
RT 003 DUSUN SUKA DAMAI,1
RT 004 DUSUN SUKA DAMAI,3
RT 006 DUSUN MERANTI I,10
RT 007 DUSUN MERANTI I,6
RT 008 DUSUN MERANTI I,6
RT 009 DUSUN MERANTI II,10
RT 013 DUSUN MERANTI I,1
RT 010 DUSUN MERANTI II,7
RT 011 DUSUN MERANTI II,12
RT 012 DUSUN MERANTI II,12
KEBUN SAWIT DAN KARET,0
RT 001 DUSUN MERBAU SATU,2
RT 002 DUSUN MERBAU SATU,10
RT 003 DUSUN MERBAU SATU,9
RT 004 DUSUN MERBAU TIGA,6
RT 005 DUSUN MERBAU TIGA,5
RT 006 DUSUN MERBAU DUA,1
RT 007 DUSUN MERBAU DUA,5
RT 008 DUSUN MERBAU DUA,9
RT 009 DUSUN MERBAU TIGA,14
RT 010 DUSUN MERBAU TIGA,11
RT 011 DUSUN MERBAU TIGA,5
KEBUN KARET DAN SAWIT,4
RT 001 DUSUN 001,13
RT 002 DUSUN 001,111
RT 003 DUSUN 002,1
RT 004 DUSUN 002,7
RT 005 DUSUN 003,8
RT 006 DUSUN 003,7
RT 007 DUSUN 004,6
RT 008 DUSUN 004,6
RT 009 DUSUN 005,6
RT 010 DUSUN 005,7
RT 011 DUSUN 005,33
RT 012 DUSUN 006,5
RT 013 DUSUN 006,5
SAWAH,0
KEBUN SAWIT,0
SUNGAI BATANGHARI,0
RT 009 DUSUN 001 DANO LEBAR,7
RT 001 DUSUN 001 DANO LEBAR,14
RT 002 DUSUN 001 DANO LEBAR,13
RT 003 DUSUN 002 TITIAN TERAS,6
RT 004 DUSUN 002 TITIAN TERAS,7
RT 005 DUSUN 002 TITIAN TERAS,15
RT 006 DUSUN 003 LEBUNG KATO ATI,30
RT 007 DUSUN 003 LEBUNG KATO ATI,57
RT 008 DUSUN 004 BUKIT BARISAN,8
RT 010 DUSUN 004 BUKIT BARISAN,17
KEBUN SAWIT,0
SAWAH,0
KEBUN SAWIT,0
KEBUN SAWIT,2
KEBUN SAWIT,1
RT 009 DUSUN 001,4
RT 001 DUSUN 001,3
RT 002 DUSUN 001,6
RT 006 DUSUN 002,1
RT 007 DUSUN 002,3
RT 008 DUSUN 002,3
RT 010 DUSUN 003,10
RT 014 DUSUN 003,12
RT 015 DUSUN 003,2
RT 003 DUSUN 004,1
RT 004 DUSUN 004,22
RT 005 DUSUN 004,6
RT 011 DUSUN 005,11
RT 012 DUSUN 005,9
RT 013 DUSUN 005,8
KEBUN SAWIT,0
KEBUN SAWIT,0
KEBUN SAWIT,0
KEBUN SAWIT,0
RT 001 DUSUN 001 PURWODADI,4
RT 002 DUSUN 001 PURWODADI,24
RT 003 DUSUN 001 PURWODADI,12
RT 004 DUSUN 002 MEKAR SARI,12
RT 005 DUSUN 002 MEKAR SARI,6
RT 006 DUSUN 002 MEKAR SARI,6
RT 007 DUSUN 003 SANTI AJI,4
RT 008 DUSUN 003 SANTI AJI,5
RT 009 DUSUN 004 BUKIT BERINGIN,22
RT 010 DUSUN 004 BUKIT BERINGIN,4
RT 011 DUSUN 004 BUKIT BERINGIN,11
RT 012 DUSUN 005 SUKA MAJU,6
RT 013 DUSUN 005 SUKA MAJU,2
RT 014 DUSUN 006 MAJU MAKMUR,7
RT 015 DUSUN 006 MAJU MAKMUR,8
RT 016 DUSUN 007 CAMPUR SARI,4
RT 017 DUSUN 007 CAMPUR SARI,4
KEBUN SAWIT PT IIS,0
KEBUN SAWIT TKD,0
RT 001 DUSUN 001 SUKA TANI,79
RT 002 DUSUN 001 SUKA TANI,10
RT 003 DUSUN 001 SUKA TANI,10
RT 004 DUSUN 002 SUMBER KEHIDUPAN,6
RT 005 DUSUN 002 SUMBER KEHIDUPAN,4
RT 006 DUSUN 002 SUMBER KEHIDUPAN,13
RT 007 DUSUN 002 SUMBER KEHIDUPAN,4
RT 008 DUSUN 003 SAKTI MULYA,1
RT 009 DUSUN 003 SAKTI MULYA,1
RT 010 DUSUN 003 SAKTI MULYA,9
RT 011 DUSUN 004 JATI GEDE,5
RT 012 DUSUN 004 JATI GEDE,8
RT 013 DUSUN 004 JATI GEDE,6
RT 014 DUSUN 004 JATI GEDE,3
KEBUN SAWIT,0
KEBUN SAWIT,0
KEBUN SAWIT,0
KEBUN SAWIT,00
RT 010 DUSUN MAJU JAYA,3
RT 011 DUSUN MAJU JAYA,3
RT 008 DUSUN CITRA MAJU,6
RT 009 DUSUN CITRA MAJU,4
RT 005 DUSUN TRI MAKMUR,1
RT 006 DUSUN TRI MAKMUR,30
RT 007 DUSUN TRI MAKMUR,8
RT 002 DUSUN KARYA BERSAMA,2
RT 003 DUSUN KARYA BERSAMA,2
RT 001 DUSUN TUNAS BANGSA,4
RT 004 DUSUN TUNAS BANGSA,2
KEBUN SAWIT,0
KEBUN SAWIT,0
KEBUN SAWIT,0
KEBUN SAWIT,0
KEBUN SAWIT,0
KEBUN SAWIT,0
KEBUN SAWIT,0
KEBUN SAWIT,0
KEBUN SAWIT,0
RT 001 DUSUN 001,4
RT 002 DUSUN 001,2
RT 004 DUSUN 001,32
RT 005 DUSUN 002,3
RT 006 DUSUN 002,4
RT 007 DUSUN 002,0
RT 003 DUSUN 003,4
RT 009 DUSUN 003,10
RT 010 DUSUN 003,1
RT 008 DUSUN 004,12
RT 011 DUSUN 004,1
RT 012 DUSUN 004,2
KEBUN SAWIT,0
KEBUN SAWIT,0
KEBUN SAWIT,0
KEBUN SAWIT,0
RT 001 RW 001,11
RT 002 RW 001,20
RT 003 RW 001,17
RT 004 RW 002,3
RT 005 RW 002,5
RT 006 RW 002,7
RT 007 RW 003,7
RT 008 RW 003,7
RT 009 RW 003,6
RT 010 RW 004,7
RT 011 RW 004,8
RT 012 RW 004,7
SAWAH,0
SUNGAI BATANGHARI,0
RT 001 DUSUN I,5
RT 002 DUSUN I,25
RT 003 DUSUN I,0
RT 004 DUSUN II,49
RT 005 DUSUN II,34
RT 006 DUSUN II,4
RT 007 DUSUN III,19
RT 008 DUSUN III,32
RT 009 DUSUN III,44
RT 001 DUSUN 1,19
RT 002 DUSUN 1,10
RT 003 DUSUN 2,16
RT 004 DUSUN 2,27
RT 001 DUSUN I,12
RT 002 DUSUN I,10
RT 003 DUSUN II,7
RT 004 DUSUN II,10
KEBUN SAWIT,2
RT 001 DUSUN I,3
RT 002 DUSUN I,8
RT 003 DUSUN II,9
RT 004 DUSUN II,4
RT 005 DUSUN III,3
RT 006 DUSUN IV,7
RT 007 DUSUN III,2
PERKEBUNAN,0
PERKEBUNAN,0
KEBUN SAWIT,1
RT 001 DUSUN I,11
RT 005 DUSUN I,0
RT 002 DUSUN II,12
RT 003 DUSUN III,16
RT 004 DUSUN III,18
HUTAN,0
HUTAN,0
RT 003 RW 001,21
RT 004 RW 001,10
RT 005 RW 001,5
RT 006 RW 002,9
RT 007 RW 002,6
RT 008 RW 002,16
RT 009 RW 002,13
RT 021 RW 002,2
RT 010 RW 003,11
RT 011 RW 003,10
RT 012 RW 004,5
RT 013 RW 004,4
RT 017 RW 004,3
RT 018 RW 004,5
RT 022 RW 004,5
RT 014 RW 005,7
RT 015 RW 005,4
RT 019 RW 005,1
RT 020 RW 005,3
RT 001 RW 006,20
RT 002 RW 006,4
RT 016 RW 006,49
RT 1 DUSUN I,2
RT 2 DUSUN I,3
RT 3 DUSUN II,5
RT 4 DUSUN II,2
RT 5 DUSUN III,8
RT 6 DUSUN III,3
RT 7 DUSUN III,3
RT 8 DUSUN IV,6
RT 9 DUSUN IV,5
RT 10 DUSUN IV,8
RT 001 DUSUN RENAH JAYA,13
RT 002 DUSUN RENAH JAYA,13
RT 003 DUSUN SUMBER SARI,11
RT 004 DUSUN SUMBER SARI,5
RT 005 DUSUN SUMBER SARI,8
RT 006 DUSUN RENAH JAYA,6
RT 007 DUSUN RENAH JAYA,19
RT 008 DUSUN RENAH JAYA,4
RT 009 DUSUN SUMBER SARI,12
RT 010 DUSUN SUMBER SARI,16
RT 1 DUSUN 1,12
RT 7 DUSUN 1,25
RT 2 DUSUN 2,22
RT 3 DUSUN 4,4
RT 6 DUSUN 4,18
RT 4 DUSUN 3,5
RT 5 DUSUN 3,12
RT 8 DUSUN 2,24
HUTAN,0
RT 001 DUSUN 1,13
RT 002 DUSUN 1,9
RT 003 DUSUN 2,5
RT 004 DUSUN 2,3
RT 005 DUSUN 3,6
RT 006 DUSUN 3,11
RT 007 DUSUN 4,5
RT 008 DUSUN 4,15
RT 009 DUSUN 2,2
RT 010 DUSUN 1,8
KEBUN,1
KEBUN,0
RT 001 DUSUN I,6
RT 002 DUSUN I,5
RT 003 DUSUN II,18
RT 004 DUSUN II,25
RT 005 DUSUN III,28
RT 006 DUSUN III,16
RT 006 DUSUN III,192
RT 007 DUSUN IV,9
RT 008 DUSUN IV,14
RT 009 DUSUN V,9
RT 010 DUSUN V,0
PERKEBUNAN,8
RT 1 DUSUN PERIMBANGAN,1
RT 2 DUSUN PERIMBANGAN,5
RT 3 DUSUN SAJENJANG,3
RT 4 DUSUN SAJENJANG,3
RT 5 DUSUN DANGKU,1
RT 6 DUSUN DANGKU,4
KEBUN KARET 1,0
KEBUN KARET 2,0
KEBUN KARET 3,0
RT 001 DUSUN 1,8
RT 002 DUSUN 1,5
RT 006 DUSUN 1,19
RT 003 DUSUN 2,7
RT 004 DUSUN 2,2
RT 007 DUSUN 2,26
RT 005 DUSUN 3,26
RT 008 DUSUN 3,25
PERKEBUNAN,0
PERKEBUNAN,0
RT 001 DUSUN KARYA MAJU,28
RT 002 DUSUN MUDO,16
RT 003 DUSUN KARYA MAJU,43
RT 004 DUSUN KARYA MAJU,64
RT 005 DUSUN TUO,8
RT 006 DUSUN TUO,6
RT 007 DUSUN TUO,6
RT 008 DUSUN TUO,3
RT 009 DUSUN TUO,19
RT 010 DUSUN SUKAJEL,20
RT 011 DUSUN SUKAJEL,13
RT 012 DUSUN SUKAJEL,7
RT 013 DUSUN SUKAJEL,2
RT 014 DUSUN KARYA MAJU,23
RT 015 DUSUN TUO,8
PERKEBUNAN,0
RT 01 DUSUN I,5
RT 02 DUSUN I,6
RT 03 DUSUN I,8
RT 04 DUSUN I,3
RT 05 DUSUN II,4
RT 06 DUSUN II,4
RT 07 DUSUN II,6
RT 08 DUSUN II,7
RT 09 DUSUN III,1
RT 10 DUSUN III,5
RT 11 DUSUN III,7
RT 12 DUSUN IV,8
RT 13 DUSUN IV,5
RT 14 DUSUN IV,3
RT 15 DUSUN IV,5
PERKEBUNAN,0
PERKEBUNAN,0
RT 01 DUSUN I,2
RT 02 DUSUN I,3
RT 03 DUSUN II,10
RT 04 DUSUN II,5
RT 05 DUSUN III,5
SAWAH,0
PERKEBUNAN KELAPA SAWIT,0
RT 1 DUSUN I,11
RT 2 DUSUN I,3
RT 4 DUSUN I,0
RT 7 DUSUN II,1
RT 9 DUSUN II,2
RT 10 DUSUN II,3
RT 5 DUSUN III,0
RT 6 DUSUN III,3
RT 8 DUSUN III,0
RT 3 DUSUN I,4
RT 001 DUSUN 1,11
RT 002 DUSUN 1,10
RT 003 DUSUN 2,21
RT 004 DUSUN 2,26
RT 005 DUSUN 3,4
RT 006 DUSUN 3,4
PERKEBUNAN,0
RT 01 DUSUN SUNGAI SEPAT,8
RT 02 DUSUN SUNGAI SEPAT,7
RT 03 DUSUN SUNGAI PANARADAN,8
RT 04 DUSUN SUNGAI PANARADAN,5
